{"index_list": [1.2307692307692308, 1.3571428571428572, 1.5625, 1.7058823529411764, 1.8333333333333333, 2.05, 2.1904761904761907, 2.3181818181818183, 2.652173913043478, 2.7916666666666665, 2.92, 3.230769230769231, 3.5, 3.769230769230769, 4.230769230769231, 4.5, 4.769230769230769, 5.230769230769231, 5.5, 5.769230769230769, 6.230769230769231, 6.5, 6.769230769230769, 7.230769230769231, 7.5, 7.769230769230769, 8.23076923076923, 8.5, 8.76923076923077, 9.23076923076923, 9.5, 9.76923076923077, 10.23076923076923, 10.5, 10.76923076923077, 11.23076923076923, 11.5, 11.76923076923077, 12.23076923076923, 12.5, 12.76923076923077, 13.23076923076923, 13.5, 13.76923076923077, 14.23076923076923, 14.5, 14.76923076923077, 15.23076923076923, 15.5, 15.76923076923077, 16.23076923076923, 16.5, 16.76923076923077, 17.23076923076923, 17.5, 17.76923076923077, 18.23076923076923, 18.5, 18.76923076923077, 19.23076923076923, 19.5, 19.76923076923077, 20.23076923076923, 20.5, 20.76923076923077, 21.23076923076923, 21.5, 21.76923076923077, 22.23076923076923, 22.5, 22.76923076923077, 23.23076923076923, 23.5, 23.76923076923077, 24.23076923076923, 24.5, 24.76923076923077, 25.23076923076923, 25.5, 25.76923076923077, 26.23076923076923, 26.5, 26.76923076923077, 27.23076923076923, 27.5, 27.76923076923077, 28.23076923076923, 28.5, 28.76923076923077, 29.23076923076923, 29.5, 29.76923076923077, 30.23076923076923, 30.5, 30.76923076923077, 31.23076923076923, 31.5, 31.76923076923077, 32.23076923076923, 32.5, 32.76923076923077, 33.23076923076923, 33.5, 33.76923076923077, 34.23076923076923, 34.5, 34.76923076923077, 35.23076923076923, 35.5, 35.76923076923077, 36.08, 36.208333333333336, 36.34782608695652, 36.68181818181818, 36.80952380952381, 36.95, 37.166666666666664, 37.294117647058826, 37.4375, 37.642857142857146, 37.76923076923077], "ans": [196.0, 192.0, 192.0, 187.0, 182.0, 181.0, 175.0, 169.0, 168.0, 162.0, 157.0, 155.0, 149.0, 144.0, 140.0, 135.0, 131.0, 127.0, 121.0, 117.0, 114.0, 108.0, 103.0, 100.0, 94.0, 89.0, 86.0, 80.0, 74.0, 72.0, 66.0, 60.0, 57.0, 51.0, 45.0, 42.0, 36.0, 29.0, 27.0, 22.0, 16.0, 13.0, 7.0, 1.0, 80.0, 75.0, 69.0, 63.0, 57.0, 50.0, 47.0, 39.0, 34.0, 26.0, 20.0, 13.0, 7.0, 2.0, 15.0, 13.0, 9.0, 13.0, 15.0, 2.0, 7.0, 13.0, 20.0, 26.0, 34.0, 39.0, 47.0, 50.0, 57.0, 63.0, 69.0, 75.0, 82.0, 1.0, 7.0, 13.0, 16.0, 22.0, 27.0, 29.0, 36.0, 42.0, 45.0, 51.0, 57.0, 60.0, 66.0, 72.0, 74.0, 80.0, 86.0, 89.0, 94.0, 100.0, 103.0, 108.0, 114.0, 117.0, 121.0, 127.0, 131.0, 135.0, 140.0, 144.0, 149.0, 155.0, 157.0, 162.0, 168.0, 169.0, 175.0, 181.0, 182.0, 187.0, 192.0, 192.0, 196.0]}